sepal_length,sepal_width,petal_length,petal_width,species
0.97681,0.10723,0.64385,0.29556,1
0.67194,0.2418,0.83075,0.42741,1
0.20619,0.23321,0.81004,0.98691,1
0.51583,0.055814,0.92274,0.75797,1
0.70893,0.10836,0.33951,0.77058,1
